Nom,Prénom,Date de naissance,Société,Date d'embauche,Salaire annuel (€)
Pruvost,Stéphanie,29/05/1968,Pages et Fils,18/06/2009,46118
Marchand,Charlotte,17/06/2002,Gauthier,06/06/2018,78185
Laurent,Adèle,13/10/1988,Benoit Dias S.A.,25/12/2023,66341
Robert,Susanne,23/12/1985,Lebrun,29/10/2019,48081
Seguin,Gilles,17/11/1975,Bruneau,25/04/2005,79999
Martel,Camille,12/06/1968,Aubert Hamon S.A.,19/03/2025,29327
Foucher,Susanne,06/08/1970,Besnard,01/11/2016,35113
Vasseur,Alexandre,09/11/1980,Meyer,26/05/2018,56670
Faure,Alexandre,02/02/1967,Lemaire,17/08/2024,76632
Lelièvre,Pierre,08/07/1996,Neveu,16/01/2015,25955
Poirier,Timothée,30/06/1986,Bourgeois SARL,15/04/2008,48763
Royer,Marthe,26/04/1981,Millet Masse S.A.S.,10/02/2022,29292
Lefebvre,Suzanne,06/05/1976,Coulon SARL,06/06/2015,88963
Morvan,Odette,27/08/1990,Da Costa Parent S.A.,19/10/2011,45946
Lagarde,Joséphine,08/04/1981,Rodrigues,10/02/2022,71949
Rocher,Geneviève,01/06/1992,Gilles S.A.S.,24/09/2016,64638
Bonnet,Margaux,08/06/1978,Berger Dufour S.A.R.L.,12/05/2024,35507
Philippe,Nicolas,21/07/1979,Courtois SA,05/07/2017,89461
Masse,Lucas,16/07/1988,Salmon,16/08/2023,33051
Millet,Noël,05/07/1975,Berthelot Barre et Fils,19/10/2015,60632
Allard,Benoît,10/06/1999,Blanchet,08/09/2013,31383
Menard,Alex,01/10/1984,Hebert SARL,17/03/2013,78628
Guyon,Virginie,12/12/1967,Baron Joubert et Fils,09/01/2012,43748
Fernandez,Jean,01/12/1976,Martins,12/07/2018,63555
Lejeune,Louis,15/02/1978,Brun,23/05/2014,68718
Aubert,Hugues,08/04/1977,Camus,27/02/2024,68479
Durand,Stéphane,07/01/1997,Maillet,14/04/2018,29305
Masson,Étienne,10/07/2002,Lelièvre,10/01/2025,73751
Vidal,Alphonse,30/08/2004,Nicolas,23/05/2013,80516
Mathieu,Bernadette,05/02/2003,Carre,03/04/2023,53245
Hoarau,Marie,26/03/1966,Durand et Fils,10/02/2019,56765
Baron,Margaret,26/06/1999,Lamy,28/09/2018,43938
Andre,Joseph,20/03/1971,Guillon S.A.R.L.,16/07/2021,32526
Cordier,Alice,23/03/1967,Pons SA,21/03/2018,39358
Lenoir,Adrienne,30/01/1965,Perret Roche S.A.,14/03/2011,50416
Joseph,Benjamin,01/11/2001,Lefebvre,13/03/2008,55976
Guibert,Antoine,22/02/1987,Julien,07/05/2012,52937
Colas,Margot,23/06/2000,Gomes,22/05/2018,75232
Millet,Éric,27/02/1989,Lévêque,17/07/2008,35879
Boulanger,Éléonore,09/06/1987,Lejeune,11/08/2006,81165
Jacquet,Monique,22/02/1967,Duhamel Vallée S.A.S.,26/07/2008,28173
Carlier,Rémy,06/09/1979,Bouvet S.A.R.L.,22/11/2021,51213
Noël,Émilie,07/10/1968,Lévêque Gaudin S.A.,16/01/2006,67189
Henry,Clémence,07/10/1990,Carpentier SARL,25/06/2006,58080
Lebrun,Renée,25/02/1971,Leclercq Goncalves SARL,15/02/2019,30682
Bodin,Antoine,25/10/2001,Caron,15/06/2024,89373
Gay,Bertrand,07/04/1993,Gautier Gilles et Fils,28/10/2020,70506
Roussel,Maggie,27/07/1983,Labbé,30/06/2008,35285
Renard,Martine,22/03/1971,Brunel,05/08/2020,79296
Maillet,Patrick,04/04/1964,Barre Duval SA,19/10/2022,87437
Guillon,Daniel,02/04/1970,Delaunay,28/06/2009,29217
Charpentier,Aurore,21/08/1983,Rocher,15/05/2010,45547
Pierre,Suzanne,24/11/1971,Dufour SA,27/11/2016,74738
Coulon,Luc,25/07/2003,Evrard,22/01/2014,71443
Guillaume,Catherine,27/07/1982,Maréchal et Fils,02/07/2020,85350
Lefebvre,Laurence,17/05/2000,Moulin S.A.R.L.,27/05/2023,45839
Gimenez,Danielle,25/02/1992,Chrétien S.A.R.L.,22/12/2013,70466
Vaillant,Simone,03/09/1995,Fernandes,06/09/2006,87224
Menard,Julie,30/03/2002,Millet,21/01/2021,25377
Lemoine,Jeanne,21/06/1968,Gomez,14/06/2009,64513
Rocher,Bernard,23/08/1996,Le Goff,24/06/2016,53008
Carlier,Gérard,16/03/1982,Fischer,16/12/2017,79622
Chevalier,Brigitte,05/06/1981,Pasquier SA,29/01/2025,89452
Bonneau,Nicolas,12/10/1982,Collet Poulain SA,22/08/2023,34170
Legros,Diane,14/08/1972,Gomes,08/04/2006,67959
Le Gall,Maggie,13/07/1992,Carpentier Gilbert S.A.R.L.,22/12/2015,43221
Munoz,Gilles,23/06/1982,Lelièvre,25/12/2008,71338
Coulon,Lucas,27/05/1968,Weiss,03/03/2010,40511
Grenier,Roger,22/11/1992,Guyot Laporte et Fils,21/08/2006,71340
Blanchet,Monique,13/11/1985,Launay S.A.S.,06/08/2011,69439
Simon,Bernadette,29/09/1985,Mahe,02/10/2020,82027
Gros,Denis,18/08/1993,Hernandez SA,10/07/2019,87393
Diaz,Gabriel,27/10/1984,Dumas,18/07/2018,87158
Bernier,Tristan,17/01/1995,Ferreira Payet S.A.,14/11/2015,84880
Vasseur,Gérard,11/02/1985,Garcia Gauthier et Fils,11/06/2009,27852
Devaux,Xavier,27/12/1988,Weber,18/01/2021,57755
Boutin,Sabine,30/08/1986,Berger,01/08/2006,51490
Samson,Gilles,19/11/1969,Ferreira,23/01/2013,33128
Toussaint,Michelle,13/05/1979,Couturier Vidal S.A.,13/10/2005,65532
Neveu,Rémy,06/01/2005,Bertin,06/10/2006,43953
Lejeune,Georges,20/02/1993,Fabre,06/08/2016,63710
Weber,Arnaude,31/01/1996,Maury S.A.R.L.,21/12/2005,72781
Ollivier,Stéphanie,18/03/1982,Bertin et Fils,03/01/2014,78911
Hubert,Thibaut,19/09/2003,Lambert,25/08/2012,50498
Da Silva,Jacqueline,08/07/1988,Benoit,31/10/2016,27880
Teixeira,Lucas,13/11/1981,Picard S.A.,08/06/2012,34176
Turpin,Suzanne,12/09/1990,Merle S.A.S.,07/07/2008,47971
Buisson,Daniel,07/02/1991,Morel,26/06/2017,74641
Neveu,Susan,20/12/1984,Hamel,30/05/2020,26431
Rodrigues,Camille,16/08/1980,Renaud Gaillard S.A.,11/07/2022,84753
Meyer,Aurore,18/12/2002,Muller S.A.,25/08/2024,66236
Germain,Philippine,22/08/1973,Vasseur Mallet SA,25/03/2024,71616
Evrard,Michel,28/07/2003,Girard,07/04/2019,49252
Barbier,Alexandre,12/05/1990,Noël Briand S.A.R.L.,27/01/2015,39975
Barre,Aurélie,23/07/2000,Delahaye SARL,06/06/2023,30598
Rodriguez,Louis,24/08/1965,Laine,03/04/2014,43349
Paris,Émilie,27/12/1972,Dufour,10/03/2024,63902
Moreno,Amélie,08/07/1985,Moreno et Fils,03/04/2005,80686
Laurent,Gilles,27/01/1994,Perret,12/02/2015,45708
Mace,Paulette,14/04/1973,Hervé,21/01/2021,36966
